{"initial_reset_timestamp": 1561877842.2637749, "episode_lengths": [9], "episode_types": ["t"], "timestamps": [1561877842.6080956], "episode_rewards": [9.0]}